timestamp,address,event_type,event_size,thread_id,process_id,raw_data,dso,period,ip_address,event_specific_data,timestamp_readable,address_numeric
,,,,,,".
. ... raw event: size 1040 bytes
.  0000:  45 00 00 00 00 00 10 04 20 00 00 00 00 00 00 00  E....... .......
.  0010:  32 01 00 00 00 00 00 00 00 00 00 00 00 00 00 00  2...............
.  0020:  00 00 00 00 00 00 00 00 0e 0e 00 00 00 00 00 00  ................
.  0030:  33 01 00 00 00 00 00 00 01 00 00 00 00 00 00 00  3...............
.  0040:  01 00 00 00 00 00 00 00 0e 0e 00 00 00 00 00 00  ................
.  0050:  34 01 00 00 00 00 00 00 02 00 00 00 00 00 00 00  4...............
.  0060:  02 00 00 00 00 00 00 00 0e 0e 00 00 00 00 00 00  ................
.  0070:  35 01 00 00 00 00 00 00 03 00 00 00 00 00 00 00  5...............
.  0080:  03 00 00 00 00 00 00 00 0e 0e 00 00 00 00 00 00  ................
.  0090:  36 01 00 00 00 00 00 00 04 00 00 00 00 00 00 00  6...............
.  00a0:  04 00 00 00 00 00 00 00 0e 0e 00 00 00 00 00 00  ................
.  00b0:  37 01 00 00 00 00 00 00 05 00 00 00 00 00 00 00  7...............
.  00c0:  05 00 00 00 00 00 00 00 0e 0e 00 00 00 00 00 00  ................
.  00d0:  38 01 00 00 00 00 00 00 06 00 00 00 00 00 00 00  8...............
.  00e0:  06 00 00 00 00 00 00 00 0e 0e 00 00 00 00 00 00  ................
.  00f0:  39 01 00 00 00 00 00 00 07 00 00 00 00 00 00 00  9...............
.  0100:  07 00 00 00 00 00 00 00 0e 0e 00 00 00 00 00 00  ................
.  0110:  3a 01 00 00 00 00 00 00 00 00 00 00 00 00 00 00  :...............
.  0120:  00 00 00 00 00 00 00 00 0e 0e 00 00 00 00 00 00  ................
.  0130:  3b 01 00 00 00 00 00 00 01 00 00 00 00 00 00 00  ;...............
.  0140:  01 00 00 00 00 00 00 00 0e 0e 00 00 00 00 00 00  ................
.  0150:  3c 01 00 00 00 00 00 00 02 00 00 00 00 00 00 00  <...............
.  0160:  02 00 00 00 00 00 00 00 0e 0e 00 00 00 00 00 00  ................
.  0170:  3d 01 00 00 00 00 00 00 03 00 00 00 00 00 00 00  =...............
.  0180:  03 00 00 00 00 00 00 00 0e 0e 00 00 00 00 00 00  ................
.  0190:  3e 01 00 00 00 00 00 00 04 00 00 00 00 00 00 00  >...............
.  01a0:  04 00 00 00 00 00 00 00 0e 0e 00 00 00 00 00 00  ................
.  01b0:  3f 01 00 00 00 00 00 00 05 00 00 00 00 00 00 00  ?...............
.  01c0:  05 00 00 00 00 00 00 00 0e 0e 00 00 00 00 00 00  ................
.  01d0:  40 01 00 00 00 00 00 00 06 00 00 00 00 00 00 00  @...............
.  01e0:  06 00 00 00 00 00 00 00 0e 0e 00 00 00 00 00 00  ................
.  01f0:  41 01 00 00 00 00 00 00 07 00 00 00 00 00 00 00  A...............
.  0200:  07 00 00 00 00 00 00 00 0e 0e 00 00 00 00 00 00  ................
.  0210:  42 01 00 00 00 00 00 00 00 00 00 00 00 00 00 00  B...............
.  0220:  00 00 00 00 00 00 00 00 0e 0e 00 00 00 00 00 00  ................
.  0230:  43 01 00 00 00 00 00 00 01 00 00 00 00 00 00 00  C...............
.  0240:  01 00 00 00 00 00 00 00 0e 0e 00 00 00 00 00 00  ................
.  0250:  44 01 00 00 00 00 00 00 02 00 00 00 00 00 00 00  D...............
.  0260:  02 00 00 00 00 00 00 00 0e 0e 00 00 00 00 00 00  ................
.  0270:  45 01 00 00 00 00 00 00 03 00 00 00 00 00 00 00  E...............
.  0280:  03 00 00 00 00 00 00 00 0e 0e 00 00 00 00 00 00  ................
.  0290:  46 01 00 00 00 00 00 00 04 00 00 00 00 00 00 00  F...............
.  02a0:  04 00 00 00 00 00 00 00 0e 0e 00 00 00 00 00 00  ................
.  02b0:  47 01 00 00 00 00 00 00 05 00 00 00 00 00 00 00  G...............
.  02c0:  05 00 00 00 00 00 00 00 0e 0e 00 00 00 00 00 00  ................
.  02d0:  48 01 00 00 00 00 00 00 06 00 00 00 00 00 00 00  H...............
.  02e0:  06 00 00 00 00 00 00 00 0e 0e 00 00 00 00 00 00  ................
.  02f0:  49 01 00 00 00 00 00 00 07 00 00 00 00 00 00 00  I...............
.  0300:  07 00 00 00 00 00 00 00 0e 0e 00 00 00 00 00 00  ................
.  0310:  4a 01 00 00 00 00 00 00 00 00 00 00 00 00 00 00  J...............
.  0320:  00 00 00 00 00 00 00 00 0e 0e 00 00 00 00 00 00  ................
.  0330:  4b 01 00 00 00 00 00 00 01 00 00 00 00 00 00 00  K...............
.  0340:  01 00 00 00 00 00 00 00 0e 0e 00 00 00 00 00 00  ................
.  0350:  4c 01 00 00 00 00 00 00 02 00 00 00 00 00 00 00  L...............
.  0360:  02 00 00 00 00 00 00 00 0e 0e 00 00 00 00 00 00  ................
.  0370:  4d 01 00 00 00 00 00 00 03 00 00 00 00 00 00 00  M...............
.  0380:  03 00 00 00 00 00 00 00 0e 0e 00 00 00 00 00 00  ................
.  0390:  4e 01 00 00 00 00 00 00 04 00 00 00 00 00 00 00  N...............
.  03a0:  04 00 00 00 00 00 00 00 0e 0e 00 00 00 00 00 00  ................
.  03b0:  4f 01 00 00 00 00 00 00 05 00 00 00 00 00 00 00  O...............
.  03c0:  05 00 00 00 00 00 00 00 0e 0e 00 00 00 00 00 00  ................
.  03d0:  50 01 00 00 00 00 00 00 06 00 00 00 00 00 00 00  P...............
.  03e0:  06 00 00 00 00 00 00 00 0e 0e 00 00 00 00 00 00  ................
.  03f0:  51 01 00 00 00 00 00 00 07 00 00 00 00 00 00 00  Q...............
.  0400:  07 00 00 00 00 00 00 00 0e 0e 00 00 00 00 00 00  ................",,,,,,
0.0,0x3c8,PERF_RECORD_ID_INDEX nr: 32,0x410,,,"... id: 306  idx: 0  cpu: 0  tid: 3598
... id: 307  idx: 1  cpu: 1  tid: 3598
... id: 308  idx: 2  cpu: 2  tid: 3598
... id: 309  idx: 3  cpu: 3  tid: 3598
... id: 310  idx: 4  cpu: 4  tid: 3598
... id: 311  idx: 5  cpu: 5  tid: 3598
... id: 312  idx: 6  cpu: 6  tid: 3598
... id: 313  idx: 7  cpu: 7  tid: 3598
... id: 314  idx: 0  cpu: 0  tid: 3598
... id: 315  idx: 1  cpu: 1  tid: 3598
... id: 316  idx: 2  cpu: 2  tid: 3598
... id: 317  idx: 3  cpu: 3  tid: 3598
... id: 318  idx: 4  cpu: 4  tid: 3598
... id: 319  idx: 5  cpu: 5  tid: 3598
... id: 320  idx: 6  cpu: 6  tid: 3598
... id: 321  idx: 7  cpu: 7  tid: 3598
... id: 322  idx: 0  cpu: 0  tid: 3598
... id: 323  idx: 1  cpu: 1  tid: 3598
... id: 324  idx: 2  cpu: 2  tid: 3598
... id: 325  idx: 3  cpu: 3  tid: 3598
... id: 326  idx: 4  cpu: 4  tid: 3598
... id: 327  idx: 5  cpu: 5  tid: 3598
... id: 328  idx: 6  cpu: 6  tid: 3598
... id: 329  idx: 7  cpu: 7  tid: 3598
... id: 330  idx: 0  cpu: 0  tid: 3598
... id: 331  idx: 1  cpu: 1  tid: 3598
... id: 332  idx: 2  cpu: 2  tid: 3598
... id: 333  idx: 3  cpu: 3  tid: 3598
... id: 334  idx: 4  cpu: 4  tid: 3598
... id: 335  idx: 5  cpu: 5  tid: 3598
... id: 336  idx: 6  cpu: 6  tid: 3598
... id: 337  idx: 7  cpu: 7  tid: 3598",,,,,1970-01-01 00:00:00.000000000,968.0
,,,,,,".
. ... raw event: size 40 bytes
.  0000:  49 00 00 00 00 00 28 00 01 00 00 00 00 00 00 00  I.....(.........
.  0010:  0e 0e 00 00 00 00 00 00 00 00 00 00 00 00 00 00  ................
.  0020:  00 00 00 00 00 00 00 00                          ........",,,,,,
0.0,0x7d8,PERF_RECORD_THREAD_MAP nr: 1 thread: 3598,0x28,,,,,,,,1970-01-01 00:00:00.000000000,2008.0
,,,,,,".
. ... raw event: size 16 bytes
.  0000:  4a 00 00 00 00 00 10 00 02 00 00 00 00 00 07 00  J...............",,,,,,
0.0,0x800,PERF_RECORD_CPU_MAP: 0-7,0x10,,,,,,,,1970-01-01 00:00:00.000000000,2048.0
,,,,,,".
. ... raw event: size 56 bytes
.  0000:  03 00 00 00 00 00 38 00 0e 0e 00 00 0e 0e 00 00  ......8.........
.  0010:  70 65 72 66 2d 65 78 65 63 00 00 00 00 00 00 00  perf-exec.......
.  0020:  00 00 00 00 00 00 00 00 00 00 00 00 00 00 00 00  ................
.  0030:  00 00 00 00 00 00 00 00                          ........",,,,,,
0.0,0x810,PERF_RECORD_COMM: perf-exec:3598/3598,0x38,,,,,,,,1970-01-01 00:00:00.000000000,2064.0
,,,,,,".
. ... raw event: size 8 bytes
.  0000:  52 00 00 00 00 00 08 00                          R.......",,,,,,
0.0,0x848,PERF_RECORD_FINISHED_INIT: unhandled!,0x8,,,,,,,,1970-01-01 00:00:00.000000000,2120.0
,,,,,,".
. ... raw event: size 8 bytes
.  0000:  44 00 00 00 00 00 08 00                          D.......",,,,,,
0.0,0x15f0,PERF_RECORD_FINISHED_ROUND,0x8,,,,,,,,1970-01-01 00:00:00.000000000,5616.0
,,,,,,".
. ... raw event: size 48 bytes
.  0000:  03 00 00 00 00 20 30 00 0e 0e 00 00 0e 0e 00 00  ..... 0.........
.  0010:  74 65 73 74 00 00 00 00 0e 0e 00 00 0e 0e 00 00  test............
.  0020:  34 2d b7 ad c3 02 00 00 38 01 00 00 00 00 00 00  4-......8.......",,,,,,
3039456341300.0,0x850,PERF_RECORD_COMM exec: test:3598/3598,0x30,,,,,,,,1970-01-01 00:50:39.456341300,2128.0
,,,,,,".
. ... raw event: size 120 bytes
.  0000:  0a 00 00 00 02 00 78 00 0e 0e 00 00 0e 0e 00 00  ......x.........
.  0010:  00 50 44 f9 9f 55 00 00 00 10 00 00 00 00 00 00  .PD..U..........
.  0020:  00 10 00 00 00 00 00 00 08 00 00 00 20 00 00 00  ............ ...
.  0030:  5b ad 00 00 00 00 00 00 55 1e 1f 65 00 00 00 00  [.......U..e....
.  0040:  05 00 00 00 02 00 00 00 2f 68 6f 6d 65 2f 69 66  ......../home/if
.  0050:  74 69 6b 68 65 72 2f 74 65 73 74 00 00 00 00 00  tikher/test.....
.  0060:  0e 0e 00 00 0e 0e 00 00 58 85 b8 ad c3 02 00 00  ........X.......
.  0070:  38 01 00 00 00 00 00 00                          8.......",,,,,,
3039456429400.0,0x880,PERF_RECORD_MMAP2 3598/3598: [0x559ff9445000(0x1000) @ 0x1000 08:20 44379 1696538197]: r-xp /home/iftikher/test,0x78,,,,,,,,1970-01-01 00:50:39.456429400,2176.0
,,,,,,".
. ... raw event: size 144 bytes
.  0000:  0a 00 00 00 02 00 90 00 0e 0e 00 00 0e 0e 00 00  ................
.  0010:  00 f0 84 22 23 7f 00 00 00 b0 02 00 00 00 00 00  ...""#...........
.  0020:  00 10 00 00 00 00 00 00 08 00 00 00 20 00 00 00  ............ ...
.  0030:  ba 30 00 00 00 00 00 00 dd 79 21 c1 00 00 00 00  .0.......y!.....
.  0040:  05 00 00 00 02 00 00 00 2f 75 73 72 2f 6c 69 62  ......../usr/lib
.  0050:  2f 78 38 36 5f 36 34 2d 6c 69 6e 75 78 2d 67 6e  /x86_64-linux-gn
.  0060:  75 2f 6c 64 2d 6c 69 6e 75 78 2d 78 38 36 2d 36  u/ld-linux-x86-6
.  0070:  34 2e 73 6f 2e 32 00 00 0e 0e 00 00 0e 0e 00 00  4.so.2..........
.  0080:  20 2f ba ad c3 02 00 00 38 01 00 00 00 00 00 00   /......8.......",,,,,,
3039456538400.0,0x8f8,PERF_RECORD_MMAP2 3598/3598: [0x7f232284f000(0x2b000) @ 0x1000 08:20 12474 3240196573]: r-xp /usr/lib/x86_64-linux-gnu/ld-linux-x86-64.so.2,0x90,,,,,,,,1970-01-01 00:50:39.456538400,2296.0
,,,,,,".
. ... raw event: size 104 bytes
.  0000:  0a 00 00 00 02 00 68 00 0e 0e 00 00 0e 0e 00 00  ......h.........
.  0010:  00 f0 ad 82 fd 7f 00 00 00 20 00 00 00 00 00 00  ......... ......
.  0020:  00 00 00 00 00 00 00 00 00 00 00 00 00 00 00 00  ................
.  0030:  00 00 00 00 00 00 00 00 00 00 00 00 00 00 00 00  ................
.  0040:  05 00 00 00 02 00 00 00 5b 76 64 73 6f 5d 00 00  ........[vdso]..
.  0050:  0e 0e 00 00 0e 0e 00 00 c4 23 bd ad c3 02 00 00  .........#......
.  0060:  38 01 00 00 00 00 00 00                          8.......",,,,,,
3039456732100.0,0x988,PERF_RECORD_MMAP2 3598/3598: [0x7ffd82adf000(0x2000) @ 0 00:00 0 0]: r-xp [vdso],0x68,,,,,,,,1970-01-01 00:50:39.456732100,2440.0
,,,,,,".
. ... raw event: size 48 bytes
.  0000:  09 00 00 00 01 00 30 00 e0 0b 00 97 ff ff ff ff  ......0.........
.  0010:  0e 0e 00 00 0e 0e 00 00 a0 94 c0 ad c3 02 00 00  ................
.  0020:  40 01 00 00 00 00 00 00 01 00 00 00 00 00 00 00  @...............",,,,,,
3039456957600.0,0x9f0,"PERF_RECORD_SAMPLE(IP, 0x1): 3598/3598: 0xffffffff97000be0 period: 1 addr: 0",0x30,,,"... thread: test:3598
...... dso: <not found>",<not found>,1.0,0xffffffff97000be0,,1970-01-01 00:50:39.456957600,2544.0
,,,,,,".
. ... raw event: size 48 bytes
.  0000:  09 00 00 00 02 00 30 00 43 d5 86 22 23 7f 00 00  ......0.C..""#...
.  0010:  0e 0e 00 00 0e 0e 00 00 44 e6 c0 ad c3 02 00 00  ........D.......
.  0020:  38 01 00 00 00 00 00 00 01 00 00 00 00 00 00 00  8...............",,,,,,
3039456978500.0,0xa20,"PERF_RECORD_SAMPLE(IP, 0x2): 3598/3598: 0x7f232286d543 period: 1 addr: 0",0x30,,,"... thread: test:3598
...... dso: /usr/lib/x86_64-linux-gnu/ld-linux-x86-64.so.2",/usr/lib/x86_64-linux-gnu/ld-linux-x86-64.so.2,1.0,0x7f232286d543,,1970-01-01 00:50:39.456978500,2592.0
,,,,,,".
. ... raw event: size 48 bytes
.  0000:  09 00 00 00 02 00 30 00 43 d5 86 22 23 7f 00 00  ......0.C..""#...
.  0010:  0e 0e 00 00 0e 0e 00 00 00 e9 c0 ad c3 02 00 00  ................
.  0020:  40 01 00 00 00 00 00 00 01 00 00 00 00 00 00 00  @...............",,,,,,
3039456979200.0,0xa50,"PERF_RECORD_SAMPLE(IP, 0x2): 3598/3598: 0x7f232286d543 period: 1 addr: 0",0x30,,,"... thread: test:3598
...... dso: /usr/lib/x86_64-linux-gnu/ld-linux-x86-64.so.2",/usr/lib/x86_64-linux-gnu/ld-linux-x86-64.so.2,1.0,0x7f232286d543,,1970-01-01 00:50:39.456979200,2640.0
,,,,,,".
. ... raw event: size 48 bytes
.  0000:  09 00 00 00 02 00 30 00 43 d5 86 22 23 7f 00 00  ......0.C..""#...
.  0010:  0e 0e 00 00 0e 0e 00 00 f4 ea c0 ad c3 02 00 00  ................
.  0020:  48 01 00 00 00 00 00 00 01 00 00 00 00 00 00 00  H...............",,,,,,
3039456979700.0,0xa80,"PERF_RECORD_SAMPLE(IP, 0x2): 3598/3598: 0x7f232286d543 period: 1 addr: 0",0x30,,,"... thread: test:3598
...... dso: /usr/lib/x86_64-linux-gnu/ld-linux-x86-64.so.2",/usr/lib/x86_64-linux-gnu/ld-linux-x86-64.so.2,1.0,0x7f232286d543,,1970-01-01 00:50:39.456979700,2688.0
,,,,,,".
. ... raw event: size 48 bytes
.  0000:  09 00 00 00 02 00 30 00 d0 e1 86 22 23 7f 00 00  ......0....""#...
.  0010:  0e 0e 00 00 0e 0e 00 00 14 07 c1 ad c3 02 00 00  ................
.  0020:  38 01 00 00 00 00 00 00 01 00 00 00 00 00 00 00  8...............",,,,,,
3039456986900.0,0xab0,"PERF_RECORD_SAMPLE(IP, 0x2): 3598/3598: 0x7f232286e1d0 period: 1 addr: 0",0x30,,,"... thread: test:3598
...... dso: /usr/lib/x86_64-linux-gnu/ld-linux-x86-64.so.2",/usr/lib/x86_64-linux-gnu/ld-linux-x86-64.so.2,1.0,0x7f232286e1d0,,1970-01-01 00:50:39.456986900,2736.0
,,,,,,".
. ... raw event: size 48 bytes
.  0000:  09 00 00 00 02 00 30 00 d0 e1 86 22 23 7f 00 00  ......0....""#...
.  0010:  0e 0e 00 00 0e 0e 00 00 a4 08 c1 ad c3 02 00 00  ................
.  0020:  40 01 00 00 00 00 00 00 02 00 00 00 00 00 00 00  @...............",,,,,,
3039456987300.0,0xae0,"PERF_RECORD_SAMPLE(IP, 0x2): 3598/3598: 0x7f232286e1d0 period: 2 addr: 0",0x30,,,"... thread: test:3598
...... dso: /usr/lib/x86_64-linux-gnu/ld-linux-x86-64.so.2",/usr/lib/x86_64-linux-gnu/ld-linux-x86-64.so.2,2.0,0x7f232286e1d0,,1970-01-01 00:50:39.456987300,2784.0
,,,,,,".
. ... raw event: size 48 bytes
.  0000:  09 00 00 00 02 00 30 00 d0 e1 86 22 23 7f 00 00  ......0....""#...
.  0010:  0e 0e 00 00 0e 0e 00 00 34 0a c1 ad c3 02 00 00  ........4.......
.  0020:  48 01 00 00 00 00 00 00 01 00 00 00 00 00 00 00  H...............",,,,,,
3039456987700.0,0xb10,"PERF_RECORD_SAMPLE(IP, 0x2): 3598/3598: 0x7f232286e1d0 period: 1 addr: 0",0x30,,,"... thread: test:3598
...... dso: /usr/lib/x86_64-linux-gnu/ld-linux-x86-64.so.2",/usr/lib/x86_64-linux-gnu/ld-linux-x86-64.so.2,1.0,0x7f232286e1d0,,1970-01-01 00:50:39.456987700,2832.0
,,,,,,".
. ... raw event: size 48 bytes
.  0000:  09 00 00 00 02 00 30 00 11 e2 86 22 23 7f 00 00  ......0....""#...
.  0010:  0e 0e 00 00 0e 0e 00 00 98 23 c1 ad c3 02 00 00  .........#......
.  0020:  38 01 00 00 00 00 00 00 05 00 00 00 00 00 00 00  8...............",,,,,,
3039456994200.0,0xb40,"PERF_RECORD_SAMPLE(IP, 0x2): 3598/3598: 0x7f232286e211 period: 5 addr: 0",0x30,,,"... thread: test:3598
...... dso: /usr/lib/x86_64-linux-gnu/ld-linux-x86-64.so.2",/usr/lib/x86_64-linux-gnu/ld-linux-x86-64.so.2,5.0,0x7f232286e211,,1970-01-01 00:50:39.456994200,2880.0
,,,,,,".
. ... raw event: size 48 bytes
.  0000:  09 00 00 00 02 00 30 00 11 e2 86 22 23 7f 00 00  ......0....""#...
.  0010:  0e 0e 00 00 0e 0e 00 00 28 25 c1 ad c3 02 00 00  ........(%......
.  0020:  40 01 00 00 00 00 00 00 0a 00 00 00 00 00 00 00  @...............",,,,,,
3039456994600.0,0xb70,"PERF_RECORD_SAMPLE(IP, 0x2): 3598/3598: 0x7f232286e211 period: 10 addr: 0",0x30,,,"... thread: test:3598
...... dso: /usr/lib/x86_64-linux-gnu/ld-linux-x86-64.so.2",/usr/lib/x86_64-linux-gnu/ld-linux-x86-64.so.2,10.0,0x7f232286e211,,1970-01-01 00:50:39.456994600,2928.0
,,,,,,".
. ... raw event: size 48 bytes
.  0000:  09 00 00 00 01 00 30 00 e0 0b 00 97 ff ff ff ff  ......0.........
.  0010:  0e 0e 00 00 0e 0e 00 00 f0 3e c1 ad c3 02 00 00  .........>......
.  0020:  48 01 00 00 00 00 00 00 05 00 00 00 00 00 00 00  H...............",,,,,,
3039457001200.0,0xba0,"PERF_RECORD_SAMPLE(IP, 0x1): 3598/3598: 0xffffffff97000be0 period: 5 addr: 0",0x30,,,"... thread: test:3598
...... dso: <not found>",<not found>,5.0,0xffffffff97000be0,,1970-01-01 00:50:39.457001200,2976.0
,,,,,,".
. ... raw event: size 48 bytes
.  0000:  09 00 00 00 02 00 30 00 18 e2 86 22 23 7f 00 00  ......0....""#...
.  0010:  0e 0e 00 00 0e 0e 00 00 d4 64 c1 ad c3 02 00 00  .........d......
.  0020:  40 01 00 00 00 00 00 00 34 00 00 00 00 00 00 00  @.......4.......",,,,,,
3039457010900.0,0xbd0,"PERF_RECORD_SAMPLE(IP, 0x2): 3598/3598: 0x7f232286e218 period: 52 addr: 0",0x30,,,"... thread: test:3598
...... dso: /usr/lib/x86_64-linux-gnu/ld-linux-x86-64.so.2",/usr/lib/x86_64-linux-gnu/ld-linux-x86-64.so.2,52.0,0x7f232286e218,,1970-01-01 00:50:39.457010900,3024.0
,,,,,,".
. ... raw event: size 48 bytes
.  0000:  09 00 00 00 02 00 30 00 6a e2 86 22 23 7f 00 00  ......0.j..""#...
.  0010:  0e 0e 00 00 0e 0e 00 00 28 89 c1 ad c3 02 00 00  ........(.......
.  0020:  48 01 00 00 00 00 00 00 10 00 00 00 00 00 00 00  H...............",,,,,,
3039457020200.0,0xc00,"PERF_RECORD_SAMPLE(IP, 0x2): 3598/3598: 0x7f232286e26a period: 16 addr: 0",0x30,,,"... thread: test:3598
...... dso: /usr/lib/x86_64-linux-gnu/ld-linux-x86-64.so.2",/usr/lib/x86_64-linux-gnu/ld-linux-x86-64.so.2,16.0,0x7f232286e26a,,1970-01-01 00:50:39.457020200,3072.0
,,,,,,".
. ... raw event: size 48 bytes
.  0000:  09 00 00 00 02 00 30 00 6a e2 86 22 23 7f 00 00  ......0.j..""#...
.  0010:  0e 0e 00 00 0e 0e 00 00 1c 8b c1 ad c3 02 00 00  ................
.  0020:  50 01 00 00 00 00 00 00 01 00 00 00 00 00 00 00  P...............",,,,,,
3039457020700.0,0xc30,"PERF_RECORD_SAMPLE(IP, 0x2): 3598/3598: 0x7f232286e26a period: 1 addr: 0",0x30,,,"... thread: test:3598
...... dso: /usr/lib/x86_64-linux-gnu/ld-linux-x86-64.so.2",/usr/lib/x86_64-linux-gnu/ld-linux-x86-64.so.2,1.0,0x7f232286e26a,,1970-01-01 00:50:39.457020700,3120.0
,,,,,,".
. ... raw event: size 48 bytes
.  0000:  09 00 00 00 02 00 30 00 a5 e3 86 22 23 7f 00 00  ......0....""#...
.  0010:  0e 0e 00 00 0e 0e 00 00 80 a4 c1 ad c3 02 00 00  ................
.  0020:  50 01 00 00 00 00 00 00 01 00 00 00 00 00 00 00  P...............",,,,,,
3039457027200.0,0xc60,"PERF_RECORD_SAMPLE(IP, 0x2): 3598/3598: 0x7f232286e3a5 period: 1 addr: 0",0x30,,,"... thread: test:3598
...... dso: /usr/lib/x86_64-linux-gnu/ld-linux-x86-64.so.2",/usr/lib/x86_64-linux-gnu/ld-linux-x86-64.so.2,1.0,0x7f232286e3a5,,1970-01-01 00:50:39.457027200,3168.0
,,,,,,".
. ... raw event: size 48 bytes
.  0000:  09 00 00 00 02 00 30 00 d0 e6 86 22 23 7f 00 00  ......0....""#...
.  0010:  0e 0e 00 00 0e 0e 00 00 cc 3e c2 ad c3 02 00 00  .........>......
.  0020:  40 01 00 00 00 00 00 00 92 00 00 00 00 00 00 00  @...............",,,,,,
3039457066700.0,0xc90,"PERF_RECORD_SAMPLE(IP, 0x2): 3598/3598: 0x7f232286e6d0 period: 146 addr: 0",0x30,,,"... thread: test:3598
...... dso: /usr/lib/x86_64-linux-gnu/ld-linux-x86-64.so.2",/usr/lib/x86_64-linux-gnu/ld-linux-x86-64.so.2,146.0,0x7f232286e6d0,,1970-01-01 00:50:39.457066700,3216.0
,,,,,,".
. ... raw event: size 48 bytes
.  0000:  09 00 00 00 02 00 30 00 6a e2 86 22 23 7f 00 00  ......0.j..""#...
.  0010:  0e 0e 00 00 0e 0e 00 00 c0 59 c2 ad c3 02 00 00  .........Y......
.  0020:  38 01 00 00 00 00 00 00 1a 00 00 00 00 00 00 00  8...............",,,,,,
3039457073600.0,0xcc0,"PERF_RECORD_SAMPLE(IP, 0x2): 3598/3598: 0x7f232286e26a period: 26 addr: 0",0x30,,,"... thread: test:3598
...... dso: /usr/lib/x86_64-linux-gnu/ld-linux-x86-64.so.2",/usr/lib/x86_64-linux-gnu/ld-linux-x86-64.so.2,26.0,0x7f232286e26a,,1970-01-01 00:50:39.457073600,3264.0
,,,,,,".
. ... raw event: size 48 bytes
.  0000:  09 00 00 00 02 00 30 00 6a e2 86 22 23 7f 00 00  ......0.j..""#...
.  0010:  0e 0e 00 00 0e 0e 00 00 b4 5b c2 ad c3 02 00 00  .........[......
.  0020:  48 01 00 00 00 00 00 00 29 00 00 00 00 00 00 00  H.......).......",,,,,,
3039457074100.0,0xcf0,"PERF_RECORD_SAMPLE(IP, 0x2): 3598/3598: 0x7f232286e26a period: 41 addr: 0",0x30,,,"... thread: test:3598
...... dso: /usr/lib/x86_64-linux-gnu/ld-linux-x86-64.so.2",/usr/lib/x86_64-linux-gnu/ld-linux-x86-64.so.2,41.0,0x7f232286e26a,,1970-01-01 00:50:39.457074100,3312.0
,,,,,,".
. ... raw event: size 48 bytes
.  0000:  09 00 00 00 02 00 30 00 6a e2 86 22 23 7f 00 00  ......0.j..""#...
.  0010:  0e 0e 00 00 0e 0e 00 00 a8 5d c2 ad c3 02 00 00  .........]......
.  0020:  50 01 00 00 00 00 00 00 06 00 00 00 00 00 00 00  P...............",,,,,,
3039457074600.0,0xd20,"PERF_RECORD_SAMPLE(IP, 0x2): 3598/3598: 0x7f232286e26a period: 6 addr: 0",0x30,,,"... thread: test:3598
...... dso: /usr/lib/x86_64-linux-gnu/ld-linux-x86-64.so.2",/usr/lib/x86_64-linux-gnu/ld-linux-x86-64.so.2,6.0,0x7f232286e26a,,1970-01-01 00:50:39.457074600,3360.0
,,,,,,".
. ... raw event: size 48 bytes
.  0000:  09 00 00 00 02 00 30 00 66 e2 86 22 23 7f 00 00  ......0.f..""#...
.  0010:  0e 0e 00 00 0e 0e 00 00 44 76 c2 ad c3 02 00 00  ........Dv......
.  0020:  50 01 00 00 00 00 00 00 0a 00 00 00 00 00 00 00  P...............",,,,,,
3039457080900.0,0xd50,"PERF_RECORD_SAMPLE(IP, 0x2): 3598/3598: 0x7f232286e266 period: 10 addr: 0",0x30,,,"... thread: test:3598
...... dso: /usr/lib/x86_64-linux-gnu/ld-linux-x86-64.so.2",/usr/lib/x86_64-linux-gnu/ld-linux-x86-64.so.2,10.0,0x7f232286e266,,1970-01-01 00:50:39.457080900,3408.0
,,,,,,".
. ... raw event: size 48 bytes
.  0000:  09 00 00 00 02 00 30 00 cf e2 86 22 23 7f 00 00  ......0....""#...
.  0010:  0e 0e 00 00 0e 0e 00 00 e0 8e c2 ad c3 02 00 00  ................
.  0020:  48 01 00 00 00 00 00 00 3c 00 00 00 00 00 00 00  H.......<.......",,,,,,
3039457087200.0,0xd80,"PERF_RECORD_SAMPLE(IP, 0x2): 3598/3598: 0x7f232286e2cf period: 60 addr: 0",0x30,,,"... thread: test:3598
...... dso: /usr/lib/x86_64-linux-gnu/ld-linux-x86-64.so.2",/usr/lib/x86_64-linux-gnu/ld-linux-x86-64.so.2,60.0,0x7f232286e2cf,,1970-01-01 00:50:39.457087200,3456.0
,,,,,,".
. ... raw event: size 48 bytes
.  0000:  09 00 00 00 01 00 30 00 e0 0b 00 97 ff ff ff ff  ......0.........
.  0010:  0e 0e 00 00 0e 0e 00 00 9c aa c2 ad c3 02 00 00  ................
.  0020:  40 01 00 00 00 00 00 00 d2 00 00 00 00 00 00 00  @...............",,,,,,
3039457094300.0,0xdb0,"PERF_RECORD_SAMPLE(IP, 0x1): 3598/3598: 0xffffffff97000be0 period: 210 addr: 0",0x30,,,"... thread: test:3598
...... dso: <not found>",<not found>,210.0,0xffffffff97000be0,,1970-01-01 00:50:39.457094300,3504.0
,,,,,,".
. ... raw event: size 48 bytes
.  0000:  09 00 00 00 02 00 30 00 cf e4 86 22 23 7f 00 00  ......0....""#...
.  0010:  0e 0e 00 00 0e 0e 00 00 0c db c2 ad c3 02 00 00  ................
.  0020:  38 01 00 00 00 00 00 00 21 00 00 00 00 00 00 00  8.......!.......",,,,,,
3039457106700.0,0xde0,"PERF_RECORD_SAMPLE(IP, 0x2): 3598/3598: 0x7f232286e4cf period: 33 addr: 0",0x30,,,"... thread: test:3598
...... dso: /usr/lib/x86_64-linux-gnu/ld-linux-x86-64.so.2",/usr/lib/x86_64-linux-gnu/ld-linux-x86-64.so.2,33.0,0x7f232286e4cf,,1970-01-01 00:50:39.457106700,3552.0
,,,,,,".
. ... raw event: size 48 bytes
.  0000:  09 00 00 00 02 00 30 00 cf e4 86 22 23 7f 00 00  ......0....""#...
.  0010:  0e 0e 00 00 0e 0e 00 00 00 dd c2 ad c3 02 00 00  ................
.  0020:  48 01 00 00 00 00 00 00 c4 00 00 00 00 00 00 00  H...............",,,,,,
3039457107200.0,0xe10,"PERF_RECORD_SAMPLE(IP, 0x2): 3598/3598: 0x7f232286e4cf period: 196 addr: 0",0x30,,,"... thread: test:3598
...... dso: /usr/lib/x86_64-linux-gnu/ld-linux-x86-64.so.2",/usr/lib/x86_64-linux-gnu/ld-linux-x86-64.so.2,196.0,0x7f232286e4cf,,1970-01-01 00:50:39.457107200,3600.0
,,,,,,".
. ... raw event: size 48 bytes
.  0000:  09 00 00 00 02 00 30 00 cf e4 86 22 23 7f 00 00  ......0....""#...
.  0010:  0e 0e 00 00 0e 0e 00 00 90 de c2 ad c3 02 00 00  ................
.  0020:  50 01 00 00 00 00 00 00 3b 00 00 00 00 00 00 00  P.......;.......",,,,,,
3039457107600.0,0xe40,"PERF_RECORD_SAMPLE(IP, 0x2): 3598/3598: 0x7f232286e4cf period: 59 addr: 0",0x30,,,"... thread: test:3598
...... dso: /usr/lib/x86_64-linux-gnu/ld-linux-x86-64.so.2",/usr/lib/x86_64-linux-gnu/ld-linux-x86-64.so.2,59.0,0x7f232286e4cf,,1970-01-01 00:50:39.457107600,3648.0
,,,,,,".
. ... raw event: size 48 bytes
.  0000:  09 00 00 00 02 00 30 00 b0 11 86 22 23 7f 00 00  ......0....""#...
.  0010:  0e 0e 00 00 0e 0e 00 00 84 f9 c2 ad c3 02 00 00  ................
.  0020:  38 01 00 00 00 00 00 00 3c 00 00 00 00 00 00 00  8.......<.......",,,,,,
3039457114500.0,0xe70,"PERF_RECORD_SAMPLE(IP, 0x2): 3598/3598: 0x7f23228611b0 period: 60 addr: 0",0x30,,,"... thread: test:3598
...... dso: /usr/lib/x86_64-linux-gnu/ld-linux-x86-64.so.2",/usr/lib/x86_64-linux-gnu/ld-linux-x86-64.so.2,60.0,0x7f23228611b0,,1970-01-01 00:50:39.457114500,3696.0
,,,,,,".
. ... raw event: size 48 bytes
.  0000:  09 00 00 00 02 00 30 00 d0 c1 86 22 23 7f 00 00  ......0....""#...
.  0010:  0e 0e 00 00 0e 0e 00 00 4c 13 c3 ad c3 02 00 00  ........L.......
.  0020:  38 01 00 00 00 00 00 00 25 01 00 00 00 00 00 00  8.......%.......",,,,,,
3039457121100.0,0xea0,"PERF_RECORD_SAMPLE(IP, 0x2): 3598/3598: 0x7f232286c1d0 period: 293 addr: 0",0x30,,,"... thread: test:3598
...... dso: /usr/lib/x86_64-linux-gnu/ld-linux-x86-64.so.2",/usr/lib/x86_64-linux-gnu/ld-linux-x86-64.so.2,293.0,0x7f232286c1d0,,1970-01-01 00:50:39.457121100,3744.0
,,,,,,".
. ... raw event: size 48 bytes
.  0000:  09 00 00 00 02 00 30 00 d0 c1 86 22 23 7f 00 00  ......0....""#...
.  0010:  0e 0e 00 00 0e 0e 00 00 40 15 c3 ad c3 02 00 00  ........@.......
.  0020:  40 01 00 00 00 00 00 00 a4 01 00 00 00 00 00 00  @...............",,,,,,
3039457121600.0,0xed0,"PERF_RECORD_SAMPLE(IP, 0x2): 3598/3598: 0x7f232286c1d0 period: 420 addr: 0",0x30,,,"... thread: test:3598
...... dso: /usr/lib/x86_64-linux-gnu/ld-linux-x86-64.so.2",/usr/lib/x86_64-linux-gnu/ld-linux-x86-64.so.2,420.0,0x7f232286c1d0,,1970-01-01 00:50:39.457121600,3792.0
,,,,,,".
. ... raw event: size 48 bytes
.  0000:  09 00 00 00 02 00 30 00 83 39 86 22 23 7f 00 00  ......0..9.""#...
.  0010:  0e 0e 00 00 0e 0e 00 00 60 31 c3 ad c3 02 00 00  ........`1......
.  0020:  48 01 00 00 00 00 00 00 de 01 00 00 00 00 00 00  H...............",,,,,,
3039457128800.0,0xf00,"PERF_RECORD_SAMPLE(IP, 0x2): 3598/3598: 0x7f2322863983 period: 478 addr: 0",0x30,,,"... thread: test:3598
...... dso: /usr/lib/x86_64-linux-gnu/ld-linux-x86-64.so.2",/usr/lib/x86_64-linux-gnu/ld-linux-x86-64.so.2,478.0,0x7f2322863983,,1970-01-01 00:50:39.457128800,3840.0
,,,,,,".
. ... raw event: size 48 bytes
.  0000:  09 00 00 00 02 00 30 00 a9 39 86 22 23 7f 00 00  ......0..9.""#...
.  0010:  0e 0e 00 00 0e 0e 00 00 8c 4b c3 ad c3 02 00 00  .........K......
.  0020:  48 01 00 00 00 00 00 00 59 04 00 00 00 00 00 00  H.......Y.......",,,,,,
3039457135500.0,0xf30,"PERF_RECORD_SAMPLE(IP, 0x2): 3598/3598: 0x7f23228639a9 period: 1113 addr: 0",0x30,,,"... thread: test:3598
...... dso: /usr/lib/x86_64-linux-gnu/ld-linux-x86-64.so.2",/usr/lib/x86_64-linux-gnu/ld-linux-x86-64.so.2,1113.0,0x7f23228639a9,,1970-01-01 00:50:39.457135500,3888.0
,,,,,,".
. ... raw event: size 48 bytes
.  0000:  09 00 00 00 02 00 30 00 a9 39 86 22 23 7f 00 00  ......0..9.""#...
.  0010:  0e 0e 00 00 0e 0e 00 00 80 4d c3 ad c3 02 00 00  .........M......
.  0020:  50 01 00 00 00 00 00 00 79 00 00 00 00 00 00 00  P.......y.......",,,,,,
3039457136000.0,0xf60,"PERF_RECORD_SAMPLE(IP, 0x2): 3598/3598: 0x7f23228639a9 period: 121 addr: 0",0x30,,,"... thread: test:3598
...... dso: /usr/lib/x86_64-linux-gnu/ld-linux-x86-64.so.2",/usr/lib/x86_64-linux-gnu/ld-linux-x86-64.so.2,121.0,0x7f23228639a9,,1970-01-01 00:50:39.457136000,3936.0
,,,,,,".
. ... raw event: size 48 bytes
.  0000:  09 00 00 00 02 00 30 00 b3 39 86 22 23 7f 00 00  ......0..9.""#...
.  0010:  0e 0e 00 00 0e 0e 00 00 04 6a c3 ad c3 02 00 00  .........j......
.  0020:  48 01 00 00 00 00 00 00 c9 17 00 00 00 00 00 00  H...............",,,,,,
3039457143300.0,0xf90,"PERF_RECORD_SAMPLE(IP, 0x2): 3598/3598: 0x7f23228639b3 period: 6089 addr: 0",0x30,,,"... thread: test:3598
...... dso: /usr/lib/x86_64-linux-gnu/ld-linux-x86-64.so.2",/usr/lib/x86_64-linux-gnu/ld-linux-x86-64.so.2,6089.0,0x7f23228639b3,,1970-01-01 00:50:39.457143300,3984.0
,,,,,,".
. ... raw event: size 48 bytes
.  0000:  09 00 00 00 02 00 30 00 93 39 86 22 23 7f 00 00  ......0..9.""#...
.  0010:  0e 0e 00 00 0e 0e 00 00 30 84 c3 ad c3 02 00 00  ........0.......
.  0020:  50 01 00 00 00 00 00 00 f0 00 00 00 00 00 00 00  P...............",,,,,,
3039457150000.0,0xfc0,"PERF_RECORD_SAMPLE(IP, 0x2): 3598/3598: 0x7f2322863993 period: 240 addr: 0",0x30,,,"... thread: test:3598
...... dso: /usr/lib/x86_64-linux-gnu/ld-linux-x86-64.so.2",/usr/lib/x86_64-linux-gnu/ld-linux-x86-64.so.2,240.0,0x7f2322863993,,1970-01-01 00:50:39.457150000,4032.0
,,,,,,".
. ... raw event: size 48 bytes
.  0000:  09 00 00 00 02 00 30 00 00 89 86 22 23 7f 00 00  ......0....""#...
.  0010:  0e 0e 00 00 0e 0e 00 00 a0 b4 c3 ad c3 02 00 00  ................
.  0020:  40 01 00 00 00 00 00 00 51 03 00 00 00 00 00 00  @.......Q.......",,,,,,
3039457162400.0,0xff0,"PERF_RECORD_SAMPLE(IP, 0x2): 3598/3598: 0x7f2322868900 period: 849 addr: 0",0x30,,,"... thread: test:3598
...... dso: /usr/lib/x86_64-linux-gnu/ld-linux-x86-64.so.2",/usr/lib/x86_64-linux-gnu/ld-linux-x86-64.so.2,849.0,0x7f2322868900,,1970-01-01 00:50:39.457162400,4080.0
,,,,,,".
. ... raw event: size 48 bytes
.  0000:  09 00 00 00 02 00 30 00 17 84 86 22 23 7f 00 00  ......0....""#...
.  0010:  0e 0e 00 00 0e 0e 00 00 3c e6 c3 ad c3 02 00 00  ........<.......
.  0020:  38 01 00 00 00 00 00 00 6c 06 00 00 00 00 00 00  8.......l.......",,,,,,
3039457175100.0,0x1020,"PERF_RECORD_SAMPLE(IP, 0x2): 3598/3598: 0x7f2322868417 period: 1644 addr: 0",0x30,,,"... thread: test:3598
...... dso: /usr/lib/x86_64-linux-gnu/ld-linux-x86-64.so.2",/usr/lib/x86_64-linux-gnu/ld-linux-x86-64.so.2,1644.0,0x7f2322868417,,1970-01-01 00:50:39.457175100,4128.0
,,,,,,".
. ... raw event: size 48 bytes
.  0000:  09 00 00 00 02 00 30 00 06 f0 86 22 23 7f 00 00  ......0....""#...
.  0010:  0e 0e 00 00 0e 0e 00 00 80 92 c4 ad c3 02 00 00  ................
.  0020:  50 01 00 00 00 00 00 00 ee 02 00 00 00 00 00 00  P...............",,,,,,
3039457219200.0,0x1050,"PERF_RECORD_SAMPLE(IP, 0x2): 3598/3598: 0x7f232286f006 period: 750 addr: 0",0x30,,,"... thread: test:3598
...... dso: /usr/lib/x86_64-linux-gnu/ld-linux-x86-64.so.2",/usr/lib/x86_64-linux-gnu/ld-linux-x86-64.so.2,750.0,0x7f232286f006,,1970-01-01 00:50:39.457219200,4176.0
,,,,,,".
. ... raw event: size 48 bytes
.  0000:  09 00 00 00 02 00 30 00 fa f0 86 22 23 7f 00 00  ......0....""#...
.  0010:  0e 0e 00 00 0e 0e 00 00 74 c6 c4 ad c3 02 00 00  ........t.......
.  0020:  40 01 00 00 00 00 00 00 72 05 00 00 00 00 00 00  @.......r.......",,,,,,
3039457232500.0,0x1080,"PERF_RECORD_SAMPLE(IP, 0x2): 3598/3598: 0x7f232286f0fa period: 1394 addr: 0",0x30,,,"... thread: test:3598
...... dso: /usr/lib/x86_64-linux-gnu/ld-linux-x86-64.so.2",/usr/lib/x86_64-linux-gnu/ld-linux-x86-64.so.2,1394.0,0x7f232286f0fa,,1970-01-01 00:50:39.457232500,4224.0
,,,,,,".
. ... raw event: size 48 bytes
.  0000:  09 00 00 00 02 00 30 00 61 b0 86 22 23 7f 00 00  ......0.a..""#...
.  0010:  0e 0e 00 00 0e 0e 00 00 e4 8c c5 ad c3 02 00 00  ................
.  0020:  40 01 00 00 00 00 00 00 32 07 00 00 00 00 00 00  @.......2.......",,,,,,
3039457283300.0,0x10b0,"PERF_RECORD_SAMPLE(IP, 0x2): 3598/3598: 0x7f232286b061 period: 1842 addr: 0",0x30,,,"... thread: test:3598
...... dso: /usr/lib/x86_64-linux-gnu/ld-linux-x86-64.so.2",/usr/lib/x86_64-linux-gnu/ld-linux-x86-64.so.2,1842.0,0x7f232286b061,,1970-01-01 00:50:39.457283300,4272.0
,,,,,,".
. ... raw event: size 48 bytes
.  0000:  09 00 00 00 02 00 30 00 70 a0 85 22 23 7f 00 00  ......0.p..""#...
.  0010:  0e 0e 00 00 0e 0e 00 00 18 ae c5 ad c3 02 00 00  ................
.  0020:  48 01 00 00 00 00 00 00 58 75 00 00 00 00 00 00  H.......Xu......",,,,,,
3039457291800.0,0x10e0,"PERF_RECORD_SAMPLE(IP, 0x2): 3598/3598: 0x7f232285a070 period: 30040 addr: 0",0x30,,,"... thread: test:3598
...... dso: /usr/lib/x86_64-linux-gnu/ld-linux-x86-64.so.2",/usr/lib/x86_64-linux-gnu/ld-linux-x86-64.so.2,30040.0,0x7f232285a070,,1970-01-01 00:50:39.457291800,4320.0
,,,,,,".
. ... raw event: size 48 bytes
.  0000:  09 00 00 00 02 00 30 00 90 0a 85 22 23 7f 00 00  ......0....""#...
.  0010:  0e 0e 00 00 0e 0e 00 00 6c 04 c6 ad c3 02 00 00  ........l.......
.  0020:  38 01 00 00 00 00 00 00 56 09 00 00 00 00 00 00  8.......V.......",,,,,,
3039457313900.0,0x1110,"PERF_RECORD_SAMPLE(IP, 0x2): 3598/3598: 0x7f2322850a90 period: 2390 addr: 0",0x30,,,"... thread: test:3598
...... dso: /usr/lib/x86_64-linux-gnu/ld-linux-x86-64.so.2",/usr/lib/x86_64-linux-gnu/ld-linux-x86-64.so.2,2390.0,0x7f2322850a90,,1970-01-01 00:50:39.457313900,4368.0
,,,,,,".
. ... raw event: size 136 bytes
.  0000:  0a 00 00 00 02 00 88 00 0e 0e 00 00 0e 0e 00 00  ................
.  0010:  00 d0 65 22 23 7f 00 00 00 80 18 00 00 00 00 00  ..e""#...........
.  0020:  00 80 02 00 00 00 00 00 08 00 00 00 20 00 00 00  ............ ...
.  0030:  85 31 00 00 00 00 00 00 b9 2c 7e 63 00 00 00 00  .1.......,~c....
.  0040:  05 00 00 00 02 00 00 00 2f 75 73 72 2f 6c 69 62  ......../usr/lib
.  0050:  2f 78 38 36 5f 36 34 2d 6c 69 6e 75 78 2d 67 6e  /x86_64-linux-gn
.  0060:  75 2f 6c 69 62 63 2e 73 6f 2e 36 00 00 00 00 00  u/libc.so.6.....
.  0070:  0e 0e 00 00 0e 0e 00 00 9c c4 c6 ad c3 02 00 00  ................
.  0080:  38 01 00 00 00 00 00 00                          8.......",,,,,,
3039457363100.0,0x1140,PERF_RECORD_MMAP2 3598/3598: [0x7f232265d000(0x188000) @ 0x28000 08:20 12677 1669213369]: r-xp /usr/lib/x86_64-linux-gnu/libc.so.6,0x88,,,,,,,,1970-01-01 00:50:39.457363100,4416.0
,,,,,,".
. ... raw event: size 48 bytes
.  0000:  09 00 00 00 01 00 30 00 80 00 00 97 ff ff ff ff  ......0.........
.  0010:  0e 0e 00 00 0e 0e 00 00 04 07 c7 ad c3 02 00 00  ................
.  0020:  40 01 00 00 00 00 00 00 c2 0a 00 00 00 00 00 00  @...............",,,,,,
3039457380100.0,0x11c8,"PERF_RECORD_SAMPLE(IP, 0x1): 3598/3598: 0xffffffff97000080 period: 2754 addr: 0",0x30,,,"... thread: test:3598
...... dso: <not found>",<not found>,2754.0,0xffffffff97000080,,1970-01-01 00:50:39.457380100,4552.0
,,,,,,".
. ... raw event: size 48 bytes
.  0000:  09 00 00 00 02 00 30 00 2c d4 85 22 23 7f 00 00  ......0.,..""#...
.  0010:  0e 0e 00 00 0e 0e 00 00 4c dc c7 ad c3 02 00 00  ........L.......
.  0020:  50 01 00 00 00 00 00 00 e3 03 00 00 00 00 00 00  P...............",,,,,,
3039457434700.0,0x11f8,"PERF_RECORD_SAMPLE(IP, 0x2): 3598/3598: 0x7f232285d42c period: 995 addr: 0",0x30,,,"... thread: test:3598
...... dso: /usr/lib/x86_64-linux-gnu/ld-linux-x86-64.so.2",/usr/lib/x86_64-linux-gnu/ld-linux-x86-64.so.2,995.0,0x7f232285d42c,,1970-01-01 00:50:39.457434700,4600.0
,,,,,,".
. ... raw event: size 48 bytes
.  0000:  09 00 00 00 02 00 30 00 22 da 85 22 23 7f 00 00  ......0.""..""#...
.  0010:  0e 0e 00 00 0e 0e 00 00 8c 46 c8 ad c3 02 00 00  .........F......
.  0020:  40 01 00 00 00 00 00 00 e0 0c 00 00 00 00 00 00  @...............",,,,,,
3039457461900.0,0x1228,"PERF_RECORD_SAMPLE(IP, 0x2): 3598/3598: 0x7f232285da22 period: 3296 addr: 0",0x30,,,"... thread: test:3598
...... dso: /usr/lib/x86_64-linux-gnu/ld-linux-x86-64.so.2",/usr/lib/x86_64-linux-gnu/ld-linux-x86-64.so.2,3296.0,0x7f232285da22,,1970-01-01 00:50:39.457461900,4648.0
,,,,,,".
. ... raw event: size 48 bytes
.  0000:  09 00 00 00 02 00 30 00 29 88 85 22 23 7f 00 00  ......0.)..""#...
.  0010:  0e 0e 00 00 0e 0e 00 00 ec 81 c8 ad c3 02 00 00  ................
.  0020:  38 01 00 00 00 00 00 00 46 0a 00 00 00 00 00 00  8.......F.......",,,,,,
3039457477100.0,0x1258,"PERF_RECORD_SAMPLE(IP, 0x2): 3598/3598: 0x7f2322858829 period: 2630 addr: 0",0x30,,,"... thread: test:3598
...... dso: /usr/lib/x86_64-linux-gnu/ld-linux-x86-64.so.2",/usr/lib/x86_64-linux-gnu/ld-linux-x86-64.so.2,2630.0,0x7f2322858829,,1970-01-01 00:50:39.457477100,4696.0
,,,,,,".
. ... raw event: size 48 bytes
.  0000:  09 00 00 00 02 00 30 00 b1 85 85 22 23 7f 00 00  ......0....""#...
.  0010:  0e 0e 00 00 0e 0e 00 00 5c 61 c9 ad c3 02 00 00  ........\a......
.  0020:  40 01 00 00 00 00 00 00 31 10 00 00 00 00 00 00  @.......1.......",,,,,,
3039457534300.0,0x1288,"PERF_RECORD_SAMPLE(IP, 0x2): 3598/3598: 0x7f23228585b1 period: 4145 addr: 0",0x30,,,"... thread: test:3598
...... dso: /usr/lib/x86_64-linux-gnu/ld-linux-x86-64.so.2",/usr/lib/x86_64-linux-gnu/ld-linux-x86-64.so.2,4145.0,0x7f23228585b1,,1970-01-01 00:50:39.457534300,4744.0
,,,,,,".
. ... raw event: size 48 bytes
.  0000:  09 00 00 00 02 00 30 00 28 65 87 22 23 7f 00 00  ......0.(e.""#...
.  0010:  0e 0e 00 00 0e 0e 00 00 1c a6 c9 ad c3 02 00 00  ................
.  0020:  50 01 00 00 00 00 00 00 f7 03 00 00 00 00 00 00  P...............",,,,,,
3039457551900.0,0x12b8,"PERF_RECORD_SAMPLE(IP, 0x2): 3598/3598: 0x7f2322876528 period: 1015 addr: 0",0x30,,,"... thread: test:3598
...... dso: /usr/lib/x86_64-linux-gnu/ld-linux-x86-64.so.2",/usr/lib/x86_64-linux-gnu/ld-linux-x86-64.so.2,1015.0,0x7f2322876528,,1970-01-01 00:50:39.457551900,4792.0
,,,,,,".
. ... raw event: size 48 bytes
.  0000:  09 00 00 00 02 00 30 00 62 51 44 f9 9f 55 00 00  ......0.bQD..U..
.  0010:  0e 0e 00 00 0e 0e 00 00 ac 50 cb ad c3 02 00 00  .........P......
.  0020:  48 01 00 00 00 00 00 00 5b 7f 00 00 00 00 00 00  H.......[.......",,,,,,
3039457661100.0,0x12e8,"PERF_RECORD_SAMPLE(IP, 0x2): 3598/3598: 0x559ff9445162 period: 32603 addr: 0",0x30,,,"... thread: test:3598
...... dso: /home/iftikher/test",/home/iftikher/test,32603.0,0x559ff9445162,,1970-01-01 00:50:39.457661100,4840.0
,,,,,,".
. ... raw event: size 48 bytes
.  0000:  09 00 00 00 02 00 30 00 69 51 44 f9 9f 55 00 00  ......0.iQD..U..
.  0010:  0e 0e 00 00 0e 0e 00 00 58 58 cc ad c3 02 00 00  ........XX......
.  0020:  48 01 00 00 00 00 00 00 3b 7a 00 00 00 00 00 00  H.......;z......",,,,,,
3039457728600.0,0x1318,"PERF_RECORD_SAMPLE(IP, 0x2): 3598/3598: 0x559ff9445169 period: 31291 addr: 0",0x30,,,"... thread: test:3598
...... dso: /home/iftikher/test",/home/iftikher/test,31291.0,0x559ff9445169,,1970-01-01 00:50:39.457728600,4888.0
,,,,,,".
. ... raw event: size 48 bytes
.  0000:  09 00 00 00 02 00 30 00 69 51 44 f9 9f 55 00 00  ......0.iQD..U..
.  0010:  0e 0e 00 00 0e 0e 00 00 64 50 cd ad c3 02 00 00  ........dP......
.  0020:  48 01 00 00 00 00 00 00 35 a3 00 00 00 00 00 00  H.......5.......",,,,,,
3039457792100.0,0x1348,"PERF_RECORD_SAMPLE(IP, 0x2): 3598/3598: 0x559ff9445169 period: 41781 addr: 0",0x30,,,"... thread: test:3598
...... dso: /home/iftikher/test",/home/iftikher/test,41781.0,0x559ff9445169,,1970-01-01 00:50:39.457792100,4936.0
,,,,,,".
. ... raw event: size 48 bytes
.  0000:  09 00 00 00 02 00 30 00 69 51 44 f9 9f 55 00 00  ......0.iQD..U..
.  0010:  0e 0e 00 00 0e 0e 00 00 70 93 ce ad c3 02 00 00  ........p.......
.  0020:  48 01 00 00 00 00 00 00 41 df 00 00 00 00 00 00  H.......A.......",,,,,,
3039457874800.0,0x1378,"PERF_RECORD_SAMPLE(IP, 0x2): 3598/3598: 0x559ff9445169 period: 57153 addr: 0",0x30,,,"... thread: test:3598
...... dso: /home/iftikher/test",/home/iftikher/test,57153.0,0x559ff9445169,,1970-01-01 00:50:39.457874800,4984.0
,,,,,,".
. ... raw event: size 48 bytes
.  0000:  09 00 00 00 02 00 30 00 69 51 44 f9 9f 55 00 00  ......0.iQD..U..
.  0010:  0e 0e 00 00 0e 0e 00 00 14 43 d0 ad c3 02 00 00  .........C......
.  0020:  48 01 00 00 00 00 00 00 9c 17 01 00 00 00 00 00  H...............",,,,,,
3039457985300.0,0x13a8,"PERF_RECORD_SAMPLE(IP, 0x2): 3598/3598: 0x559ff9445169 period: 71580 addr: 0",0x30,,,"... thread: test:3598
...... dso: /home/iftikher/test",/home/iftikher/test,71580.0,0x559ff9445169,,1970-01-01 00:50:39.457985300,5032.0
,,,,,,".
. ... raw event: size 48 bytes
.  0000:  09 00 00 00 02 00 30 00 62 51 44 f9 9f 55 00 00  ......0.bQD..U..
.  0010:  0e 0e 00 00 0e 0e 00 00 10 59 d2 ad c3 02 00 00  .........Y......
.  0020:  48 01 00 00 00 00 00 00 bc 43 01 00 00 00 00 00  H........C......",,,,,,
3039458122000.0,0x13d8,"PERF_RECORD_SAMPLE(IP, 0x2): 3598/3598: 0x559ff9445162 period: 82876 addr: 0",0x30,,,"... thread: test:3598
...... dso: /home/iftikher/test",/home/iftikher/test,82876.0,0x559ff9445162,,1970-01-01 00:50:39.458122000,5080.0
,,,,,,".
. ... raw event: size 48 bytes
.  0000:  09 00 00 00 02 00 30 00 69 51 44 f9 9f 55 00 00  ......0.iQD..U..
.  0010:  0e 0e 00 00 0e 0e 00 00 04 cc d4 ad c3 02 00 00  ................
.  0020:  48 01 00 00 00 00 00 00 54 65 01 00 00 00 00 00  H.......Te......",,,,,,
3039458282500.0,0x1408,"PERF_RECORD_SAMPLE(IP, 0x2): 3598/3598: 0x559ff9445169 period: 91476 addr: 0",0x30,,,"... thread: test:3598
...... dso: /home/iftikher/test",/home/iftikher/test,91476.0,0x559ff9445169,,1970-01-01 00:50:39.458282500,5128.0
,,,,,,".
. ... raw event: size 48 bytes
.  0000:  09 00 00 00 02 00 30 00 69 51 44 f9 9f 55 00 00  ......0.iQD..U..
.  0010:  0e 0e 00 00 0e 0e 00 00 f8 a2 d7 ad c3 02 00 00  ................
.  0020:  48 01 00 00 00 00 00 00 32 7e 01 00 00 00 00 00  H.......2~......",,,,,,
3039458468600.0,0x1438,"PERF_RECORD_SAMPLE(IP, 0x2): 3598/3598: 0x559ff9445169 period: 97842 addr: 0",0x30,,,"... thread: test:3598
...... dso: /home/iftikher/test",/home/iftikher/test,97842.0,0x559ff9445169,,1970-01-01 00:50:39.458468600,5176.0
,,,,,,".
. ... raw event: size 48 bytes
.  0000:  09 00 00 00 02 00 30 00 62 51 44 f9 9f 55 00 00  ......0.bQD..U..
.  0010:  0e 0e 00 00 0e 0e 00 00 9c 97 da ad c3 02 00 00  ................
.  0020:  48 01 00 00 00 00 00 00 a3 8e 01 00 00 00 00 00  H...............",,,,,,
3039458662300.0,0x1468,"PERF_RECORD_SAMPLE(IP, 0x2): 3598/3598: 0x559ff9445162 period: 102051 addr: 0",0x30,,,"... thread: test:3598
...... dso: /home/iftikher/test",/home/iftikher/test,102051.0,0x559ff9445162,,1970-01-01 00:50:39.458662300,5224.0
,,,,,,".
. ... raw event: size 48 bytes
.  0000:  09 00 00 00 02 00 30 00 69 51 44 f9 9f 55 00 00  ......0.iQD..U..
.  0010:  0e 0e 00 00 0e 0e 00 00 6c bf dd ad c3 02 00 00  ........l.......
.  0020:  48 01 00 00 00 00 00 00 17 9d 01 00 00 00 00 00  H...............",,,,,,
3039458869100.0,0x1498,"PERF_RECORD_SAMPLE(IP, 0x2): 3598/3598: 0x559ff9445169 period: 105751 addr: 0",0x30,,,"... thread: test:3598
...... dso: /home/iftikher/test",/home/iftikher/test,105751.0,0x559ff9445169,,1970-01-01 00:50:39.458869100,5272.0
,,,,,,".
. ... raw event: size 48 bytes
.  0000:  09 00 00 00 02 00 30 00 69 51 44 f9 9f 55 00 00  ......0.iQD..U..
.  0010:  0e 0e 00 00 0e 0e 00 00 b0 dc e0 ad c3 02 00 00  ................
.  0020:  48 01 00 00 00 00 00 00 e1 a7 01 00 00 00 00 00  H...............",,,,,,
3039459073200.0,0x14c8,"PERF_RECORD_SAMPLE(IP, 0x2): 3598/3598: 0x559ff9445169 period: 108513 addr: 0",0x30,,,"... thread: test:3598
...... dso: /home/iftikher/test",/home/iftikher/test,108513.0,0x559ff9445169,,1970-01-01 00:50:39.459073200,5320.0
,,,,,,".
. ... raw event: size 48 bytes
.  0000:  09 00 00 00 02 00 30 00 5e 51 44 f9 9f 55 00 00  ......0.^QD..U..
.  0010:  0e 0e 00 00 0e 0e 00 00 08 ff e3 ad c3 02 00 00  ................
.  0020:  48 01 00 00 00 00 00 00 cc b3 01 00 00 00 00 00  H...............",,,,,,
3039459278600.0,0x14f8,"PERF_RECORD_SAMPLE(IP, 0x2): 3598/3598: 0x559ff944515e period: 111564 addr: 0",0x30,,,"... thread: test:3598
...... dso: /home/iftikher/test",/home/iftikher/test,111564.0,0x559ff944515e,,1970-01-01 00:50:39.459278600,5368.0
,,,,,,".
. ... raw event: size 48 bytes
.  0000:  09 00 00 00 02 00 30 00 62 51 44 f9 9f 55 00 00  ......0.bQD..U..
.  0010:  0e 0e 00 00 0e 0e 00 00 00 31 e7 ad c3 02 00 00  .........1......
.  0020:  48 01 00 00 00 00 00 00 a9 bf 01 00 00 00 00 00  H...............",,,,,,
3039459488000.0,0x1528,"PERF_RECORD_SAMPLE(IP, 0x2): 3598/3598: 0x559ff9445162 period: 114601 addr: 0",0x30,,,"... thread: test:3598
...... dso: /home/iftikher/test",/home/iftikher/test,114601.0,0x559ff9445162,,1970-01-01 00:50:39.459488000,5416.0
,,,,,,".
. ... raw event: size 48 bytes
.  0000:  09 00 00 00 01 00 30 00 e0 0b 00 97 ff ff ff ff  ......0.........
.  0010:  0e 0e 00 00 0e 0e 00 00 ec 38 e9 ad c3 02 00 00  .........8......
.  0020:  38 01 00 00 00 00 00 00 f6 0a 00 00 00 00 00 00  8...............",,,,,,
3039459621100.0,0x1558,"PERF_RECORD_SAMPLE(IP, 0x1): 3598/3598: 0xffffffff97000be0 period: 2806 addr: 0",0x30,,,"... thread: test:3598
...... dso: <not found>",<not found>,2806.0,0xffffffff97000be0,,1970-01-01 00:50:39.459621100,5464.0
,,,,,,".
. ... raw event: size 48 bytes
.  0000:  09 00 00 00 02 00 30 00 d0 b7 6c 22 23 7f 00 00  ......0...l""#...
.  0010:  0e 0e 00 00 0e 0e 00 00 00 83 ea ad c3 02 00 00  ................
.  0020:  40 01 00 00 00 00 00 00 28 15 00 00 00 00 00 00  @.......(.......",,,,,,
3039459705600.0,0x1588,"PERF_RECORD_SAMPLE(IP, 0x2): 3598/3598: 0x7f23226cb7d0 period: 5416 addr: 0",0x30,,,"... thread: test:3598
...... dso: /usr/lib/x86_64-linux-gnu/libc.so.6",/usr/lib/x86_64-linux-gnu/libc.so.6,5416.0,0x7f23226cb7d0,,1970-01-01 00:50:39.459705600,5512.0
,,,,,,".
. ... raw event: size 56 bytes
.  0000:  04 00 00 00 00 00 38 00 0e 0e 00 00 0d 0e 00 00  ......8.........
.  0010:  0e 0e 00 00 0d 0e 00 00 f4 a5 f1 ad c3 02 00 00  ................
.  0020:  0e 0e 00 00 0e 0e 00 00 70 a2 f1 ad c3 02 00 00  ........p.......
.  0030:  38 01 00 00 00 00 00 00                          8.......",,,,,,
3039460172400.0,0x15b8,PERF_RECORD_EXIT(3598:3598):(3597:3597),0x38,,,,,,,,1970-01-01 00:50:39.460172400,5560.0
